IMSS Item Identifier,Title,Subject(s),Object Type,Object Type,Object Type,Material,Material,Material,Material,Material, , ,
urn:imss:instrument:401068,+Archimetro@en, geometry, surveying instruments, surveying instruments, surveyors' compasses ,steel, , , , , , ,
urn:imss:instrument:402030,+Archimetro@en, geometry, surveying instruments, scientific instruments , surveyors' compasses ,iron ,brass, , , , , ,
urn:imss:instrument:402089,+Noon cannon@en, astronomy, sundials , , ,marble ,brass, , , , , ,
urn:imss:instrument:401130,+Organum Mathematicum@en, mathematics; geometry, scientific instruments , , ,wood, , , , , , ,
urn:imss:instrument:401066,+Radio latino@en, geometry, measuring devices, surveying instruments, scientific instruments ,brass, , , , , , ,
urn:imss:instrument:403009,+Radio latino@en, geometry, measuring devices, surveying instruments, scientific instruments ,brass, , , , , , ,
urn:imss:instrument:401067,+Radio latino@en, geometry, measuring devices, surveying instruments, scientific instruments ,brass, , , , , , ,
urn:imss:instrument:401065,+Radio latino@en, geometry, measuring devices, surveying instruments, scientific instruments ,brass, , , , , , ,
urn:imss:instrument:403022,+Alidade@en, geometry, rods, surveying instruments , ,brass, , , , , , ,
urn:imss:instrument:414104,+Apparatus demonstrating electrodynamic attraction and repulsion@en, electrical engineering, scientific instruments , , ,boxwood ,brass, , , , , ,
urn:imss:instrument:414055,+Apparatus demonstrating pointed and ball lightning conductors@en, electrical engineering, lightning rods , , ,wood ,glass ,tinfoil ,brass, , , ,
urn:imss:instrument:416003,+Apparatus for experiments on the shock of bodies@en, mechanical engineering; mechanics, scientific instruments , , ,ivory ,wood ,brass, , , , ,
urn:imss:instrument:404018,+Apparatus for Galilean experiments@en, mechanics, scientific instruments , , ,wood ,iron ,brass, , , , ,
urn:imss:instrument:417022,+Apparatus for showing stable equilibrium@en, mechanics, scientific instruments , , ,wood ,brass, , , , , ,
urn:imss:instrument:416002,+Apparatus for showing the effects of the centrifugal force@en, mechanics, scientific instruments , , ,wood ,iron ,brass, , , , ,
urn:imss:instrument:417017,+Apparatus for showing the hydrostatic paradox@en, mechanics, scientific instruments , , ,wood ,iron ,brass, , , , ,
urn:imss:instrument:417019,+Apparatus for showing the parabolic path of liquids@en, mechanics, scientific instruments , , ,ivory ,wood ,glass ,brass, , , ,
urn:imss:instrument:417009,+Apparatus for showing the proprieties of the wedge@en, mechanics, machines , , ,ivory ,wood ,brass, , , , ,
urn:imss:instrument:417006,+Apparatus showing the composition of forces@en, mechanics, scientific instruments , , ,wood ,brass, , , , , ,
urn:imss:instrument:417023,+Apparatus showing the composition of motion@en, mechanics; geometry, scientific instruments , , ,wood ,brass, , , , , ,
urn:imss:instrument:417002,+Apparatus to demonstrate the isochronism of falls along a spiral@en, mechanics, scientific instruments , , ,wood ,iron ,brass, , , , ,
urn:imss:instrument:417003,+Apparatus to demonstrate the parabolic trajectory of projectiles@en, mechanics; geometry, scientific instruments , , ,wood ,brass, , , , , ,
urn:imss:instrument:416004,+Apparatus to demonstrate the tautochronism of the cycloid@en, mechanics, scientific instruments, equipment , ,wood ,brass, , , , , ,
urn:imss:instrument:417001,+Apparatus to illustrate reflection in elastic shocks@en, mechanics, scientific instruments , , ,wood ,porphyry ,brass, , , , ,
urn:imss:instrument:417004,+Apparatus to study elastic and inelastic shocks@en, mechanics, scientific instruments , , ,ivory ,wood ,brass, , , , ,
urn:imss:instrument:417026,+Apparatus to study the composition of elastic shocks@en, mechanics, scientific instruments , , ,ivory ,wood ,brass, , , , ,
urn:imss:instrument:417010,+Apparatus with simple machines@en, mechanics, machines , , ,wood ,brass, , , , , ,
urn:imss:instrument:404004,+Application of the pendulum to the clock@en, mechanics, pendulums, clocks , ,paper, , , , , , ,
urn:imss:instrument:401005,+Arab astrolabe@en, astronomy, astrolabes , , ,brass, , , , , , ,
urn:imss:instrument:401003,+Arab astrolabe@en, astronomy, astrolabes , , ,brass, , , , , , ,
urn:imss:instrument:401004,+Arab astrolabe@en, astronomy, astrolabes , , ,brass, , , , , , ,
urn:imss:instrument:401002,+Arab astrolabe@en, astronomy, astrolabes , , ,brass, , , , , , ,
urn:imss:instrument:401001,+Arab celestial globe@en, cosmography;  astronomy, celestial globes , , ,brass, , , , , , ,
urn:imss:instrument:404008,+Armed lodestone@en, physical sciences, scientific instruments , , ,wood ,iron ,magnetite ,brass, , , ,
urn:imss:instrument:404009,+Armed lodestones@en, physical sciences, scientific instruments , , ,silver ,iron ,magnetite ,brass, , , ,
urn:imss:instrument:403051,+Armillary sphere@en, astronomy, armillary spheres , , ,crystal ,brass, , , , , ,
urn:imss:instrument:403007,+Armillary sphere@en, astronomy, armillary spheres , , ,brass, , , , , , ,
urn:imss:instrument:403061,+Armillary sphere@en, astronomy, armillary spheres , , ,brass, , , , , , ,
urn:imss:instrument:414029,+Armstrong's hydro-electric machine@en, electrical engineering, scientific instruments , , ,glass ,iron ,brass, , , , ,
urn:imss:instrument:414120,+Astatic galvanometer; Nobili pattern@en, electrical engineering, galvanometers , , ,glass ,steel ,brass, , , , ,
urn:imss:instrument:401007,+Astrolabe@en, astronomy, astrolabes , , ,brass, , , , , , ,
urn:imss:instrument:402068,+Astrolabe@en, astronomy, astrolabes , , ,brass, , , , , , ,
urn:imss:instrument:402032,+Astrolabe@en, astronomy, astrolabes , , ,copper, , , , , , ,
urn:imss:instrument:402001,+Astrolabe@en, astronomy, astrolabes , , ,brass, , , , , , ,
urn:imss:instrument:401014,+Astrolabe@en, astronomy, astrolabes , , ,brass, , , , , , ,
urn:imss:instrument:402047,+Astrolabe@en, geography, navigational instruments, astrolabes , ,brass, , , , , , ,
urn:imss:instrument:402054,+Astrolabe@en, geography, astrolabes , , ,brass, , , , , , ,
urn:imss:instrument:401009,+Astrolabe@en, astronomy, astrolabes , , ,copper, , , , , , ,
urn:imss:instrument:402057,+Astrolabe@en, astronomy, astrolabes , , ,brass, , , , , , ,
urn:imss:instrument:401006,+Astrolabe@en, astronomy, astrolabes , , ,silver ,copper, , , , , ,
urn:imss:instrument:403029,+Astrolabe@en, astronomy; geometry, astrolabes , , ,brass, , , , , , ,
urn:imss:instrument:402069,+Astrolabe@en, astronomy, astrolabes , , ,brass, , , , , , ,
urn:imss:instrument:403062,+Astrolabe@en, astronomy, astrolabes , , ,brass, , , , , , ,
urn:imss:instrument:402048,+Astrolabe@en, astronomy, astrolabes , , ,brass, , , , , , ,
urn:imss:instrument:402033,+Astrolabe@en, astronomy, astrolabes , , ,copper, , , , , , ,
urn:imss:instrument:402070,+Astrolabe@en, astronomy, astrolabes , , ,brass, , , , , , ,
urn:imss:instrument:403060,+Astrolabe@en, astronomy, astrolabes , , ,wood ,copper ,cardboard, , , , ,
urn:imss:instrument:403027,+Astrolabe@en, astronomy, astrolabes , , ,wood ,brass, , , , , ,
urn:imss:instrument:401008,+Astrolabe@en, astronomy, astrolabes , , ,copper, , , , , , ,
urn:imss:instrument:402056,+Astrolabe@en, astronomy, astrolabes , , ,brass, , , , , , ,
urn:imss:instrument:401046,+Astrological disk@en, astronomy, astronomical instruments, divination objects , ,copper, , , , , , ,
urn:imss:instrument:403038,+Astronomical compendium@en, astronomy, scientific instruments, timepieces , ,brass, , , , , , ,
urn:imss:instrument:401031,+Astronomical compendium@en, astronomy, sundials, dials , ,brass, , , , , , ,
urn:imss:instrument:402035,+Astronomical compendium@en, astronomy, sundials, quadrants , astrolabes ,brass, , , , , , ,
urn:imss:instrument:401016,+Astronomical ring dial@en, astronomy, sundials , , ,brass, , , , , , ,
urn:imss:instrument:401015,+Astronomical ring dial@en, astronomy, sundials , , ,brass, , , , , , ,
urn:imss:instrument:401017,+Astronomical ring dial@en, astronomy, sundials , , ,brass, , , , , , ,
urn:imss:instrument:405046,+Astronomical telescope@en, astronomy; optics, telescopes, , ,wood ,brass, , , , , ,
urn:imss:instrument:405045,+Astronomical telescope@en, astronomy;  optics, telescopes, , ,wood ,brass, , , , , ,
urn:imss:instrument:414057,+Aurora flask@en, electrical engineering, electron tubes, , ,glass ,foil ,brass ,lead, , , ,
urn:imss:instrument:414056,+Aurora flask@en, electrical engineering, electron tubes, , ,glass ,foil ,brass ,lead, , , ,
urn:imss:instrument:414058,+Aurora tube@en, electrical engineering, electron tubes, , ,glass ,mahogany ,brass, , , , ,
urn:imss:instrument:414003,+Azimuth compass@en, geography, compasses , , ,steel ,mahogany ,brass, , , , ,
urn:imss:instrument:414002,+Azimuth compass@en, geography, compasses , , ,steel ,paper ,mahogany ,brass, , , ,
urn:imss:instrument:414001,+Azimuth compass@en, geography, compasses , , ,steel ,brass, , , , , ,
urn:imss:instrument:414004,+Azimuth compass@en, geography, compasses , , ,mahogany ,brass, , , , , ,
urn:imss:instrument:402071,+Barrois compass@en, mathematics; geometry, scientific instruments, surveying instruments;,  surveyors' compasses,brass, , , , , , ,
urn:imss:instrument:414045,+Bifilar suspension electrometer; Palmieri pattern@en, electrical engineering, electrometers , , ,aluminum ,glass ,mahogany ,brass, , , ,
urn:imss:instrument:405043,+Binocular telescope@en, astronomy; optics, telescopes, , ,wood ,leather, , , , , ,
urn:imss:instrument:402009,+Box for mathematical instruments@en, mathematics; geometry, scientific instruments , , ,leather ,brass, , , , , ,
urn:imss:instrument:401131,+Box for mathematical instruments@en, mathematics; geometry, scientific instruments , , ,brass,wood , , , , , ,
urn:imss:instrument:401128,+Box for mathematical instruments@en, mathematics; geometry, scientific instruments , , ,leather ,brass, , , , , ,
urn:imss:instrument:401132,+Box for mathematical instruments@en, mathematics, scientific instruments , , ,wood ,leather ,brass, , , , ,
urn:imss:instrument:401127,+Box for mathematical instruments@en, mathematics;  geometry, scientific instruments , , ,leather ,brass, , , , , ,
urn:imss:instrument:402018,+Box for mining instruments@en, geometry, surveying instruments , , ,wood ,brass, , , , , ,
urn:imss:instrument:403016,+Box of mathematical instruments@en, mathematics;  geometry, surveying instruments, , scientific instruments ,wood ,glass ,copper ,steel ,brass, , ,
urn:imss:instrument:402010,+Box of mining instruments@en, geometry, surveying instruments , , ,leather ,brass, , , , , ,
urn:imss:instrument:404014,+Brachistocronous fall@en, mechanics, scientific instruments , , ,ivory ,wood ,brass, , , , ,
urn:imss:instrument:403012,+Calculating machine@en, mathematics; geometry, scientific instruments , , calculators ,wood ,brass, , , , , ,
urn:imss:instrument:402088,+Calculating machine@en, mathematics; geometry; geometry, scientific instruments , , calculators ,silver ,brass, , , , , ,
urn:imss:instrument:401122,+Caliper compass@en, mathematics; geometry, scientific instruments , , calipers ,steel, , , , , , ,
urn:imss:instrument:401123,+Caliper compass@en, mathematics; geometry, scientific instruments , , calipers ,brass, , , , , , ,
urn:imss:instrument:405017,+Cardboard tube@en, optics, lenses, , ,cardboard, , , , , , ,
urn:imss:instrument:414031,+Carr?? electrical machine@en, electrical engineering, scientific instruments , , ,glass ,mahogany ,brass, , , , ,
urn:imss:instrument:401129,+Case for military instruments@en, geometry, scientific instruments , , ,iron ,leather ,brass, , , , ,
urn:imss:instrument:403017,+Case of mathematical instruments@en, mathematics; geometry, scientific instruments , , drawing instruments ,leather ,paper ,brass, , , , ,
urn:imss:instrument:414032,+Cecchi electrical machine@en, electrical engineering, scientific instruments , , ,glass ,copper ,mahogany ,brass, , , ,
urn:imss:instrument:403006,+Celestial globe@en, cosmography;  astronomy, celestial globes , , ,wood, , , , , , ,
urn:imss:instrument:403037,+Clinometer@en, geometry, surveying instruments, clinometers , ,iron ,brass, , , , , ,
urn:imss:instrument:417012,+Cogwheels@en, mechanics, gears , , ,wood ,iron ,brass ,lead, , , ,
urn:imss:instrument:401102,+Compass known as Michelangelo's compass@en, mathematics; geometry, drawing instruments , dividers , ,steel ,brass,cardboard , , , , ,
urn:imss:instrument:405019,+Compound-eyepiece tubes@en, optics, lenses, , ,cardboard ,paper, , , , , ,
urn:imss:instrument:414125,+Copper-ball machine for demonstrating induced electric currents@en, electrical engineering, scientific instruments , , ,copper ,mahogany ,brass, , , , ,
urn:imss:instrument:403026,+Correction dial@en, astronomy, sundials , , ,glass ,brass, , , , , ,
urn:imss:instrument:414141,+Coulomb magnetic declination compass@en, electrical engineering, declinometers , , ,marble ,copper ,steel ,brass, , , ,
urn:imss:instrument:414142,+Coulomb magnetic declination compass@en, electrical engineering, declinometers , , ,marble ,copper ,steel ,brass, , , ,
urn:imss:instrument:402008,+Cross-staff@en, astronomy, cross-staffs , , ,wood ,brass, , , , , ,
urn:imss:instrument:402007,+Cross-staff@en, astronomy, cross-staffs , , ,wood ,brass, , , , , ,
urn:imss:instrument:401028,+Cylinder dial@en, astronomy, sundials , , ,wood ,bone ,tin, , , , ,
urn:imss:instrument:403057,+Cylinder dial@en, astronomy, sundials , , ,wood, , , , , , ,
urn:imss:instrument:401029,+Cylinder dial@en, astronomy, sundials , , ,wood ,paper, , , , , ,
urn:imss:instrument:414021,+Cylinder electrical machine@en, electrical engineering, scientific instruments , , ,glass ,mahogany ,brass, , , , ,
urn:imss:instrument:414012,+Cylinder electrical machine@en, electrical engineering, scientific instruments , , ,wood ,cloth ,tinfoil ,mahogany ,brass, , ,
urn:imss:instrument:417020,+Cylinder on inclined plane@en, mechanics, scientific instruments, machines , ,wood, , , , , , ,
urn:imss:instrument:414121,+Demonstration model of astatic galvanometer@en, electrical engineering, galvanometers , , ,mahogany ,brass, , , , , ,
urn:imss:instrument:414118,+Demonstration model of Oersted's experiment@en, electrical engineering, scientific instruments , , ,wood ,copper ,brass, , , , ,
urn:imss:instrument:414137,+Dial telegraph@en, electrical engineering, telegraphs, , ,wood ,iron ,brass, , , , ,
urn:imss:instrument:401056,+Diptych dial@en, astronomy, sundials , , ,wood, , , , , , ,
urn:imss:instrument:401048,+Diptych dial@en, astronomy, sundials , , ,ivory, , , , , , ,
urn:imss:instrument:401047,+Diptych dial@en, astronomy, sundials , , ,ivory ,ebony, , , , , ,
urn:imss:instrument:401057,+Diptych dial@en, astronomy, sundials , , ,wood, , , , , , ,
urn:imss:instrument:402041,+Diptych dial@en, astronomy, sundials , , ,ivory, , , , , , ,
urn:imss:instrument:401049,+Diptych dial@en, astronomy, sundials , , ,wood, , , , , , ,
urn:imss:instrument:402039,+Diptych dial@en, astronomy, sundials , , ,ivory, , , , , , ,
urn:imss:instrument:402040,+Diptych dial@en, astronomy, sundials , , ,ivory, , , , , , ,
urn:imss:instrument:401097,+Dividers@en, mathematics; geometry, drawing instruments , dividers , ,brass,steel , , , , , ,
urn:imss:instrument:401126,+Dividers@en, mathematics; geometry, dividers , , ,iron, , , , , , ,
urn:imss:instrument:403041,+Dividers@en, mathematics;  geometry, scientific instruments , , dividers ,gold ,steel, , , , , ,
urn:imss:instrument:401098,+Dividers@en, mathematics;  geometry, drawing instruments , , dividers ,brass, , , , , , ,
urn:imss:instrument:416006,+Double cone on an inclined plane@en, mechanics, scientific instruments, machines , ,wood ,brass, , , , , ,
urn:imss:instrument:417021,+Double cone on inclined plane@en, mechanics, scientific instruments, machines , ,wood, , , , , , ,
urn:imss:instrument:416016,+Double pendulum to illustrate the damping of oscillations@en, mechanics, pendulums , , ,wood ,iron, , , , , ,
urn:imss:instrument:401091,+Drawing compass@en, mathematics; geometry, drawing instruments , dividers , ,brass, , , , , , ,
urn:imss:instrument:414017,+Drum electrical machine@en, electrical engineering, scientific instruments , , ,glass ,velvet ,iron ,mahogany ,brass, , ,
urn:imss:instrument:414129,+Duchenne's medical magneto-electric machine@en, electrical engineering, scientific instruments , , ,iron ,mahogany ,brass, , , , ,
urn:imss:instrument:414060,+Electric bells@en, electrical engineering, scientific instruments , , ,copper-nickel alloy ,glass ,mahogany ,brass, , , ,
urn:imss:instrument:414130,+Electric motor after Botto@en, electrical engineering, motors , , ,wood ,glass ,iron ,copper ,brass, , ,
urn:imss:instrument:414132,+Electric motor by Pacinotti@en, electrical engineering, motors , , ,iron ,mahogany ,brass, , , , ,
urn:imss:instrument:414066,+Electric pistol; Volta type@en, electrical engineering, scientific instruments , , ,glass ,brass, , , , , ,
urn:imss:instrument:414065,+Electric pistol; Volta type@en, electrical engineering, scientific instruments , , ,glass ,brass, , , , , ,
urn:imss:instrument:417013,+Endless screw@en, mechanics, machines , , ,wood ,iron ,brass, , , , ,
urn:imss:instrument:402073,+Equinoctial dial@en, astronomy, sundials , , ,brass, , , , , , ,
urn:imss:instrument:414144,+Equinoctial dial@en, astronomy, sundials , , ,brass, , , , , , ,
urn:imss:instrument:405058,+Eyepiece lens@en, optics, lenses, , ,glass ,cardboard, , , , , ,
urn:imss:instrument:405009,+Eyepiece lens@en, optics, lenses, , ,glass ,cardboard ,paper, , , , ,
urn:imss:instrument:405012,+Eyepiece lens@en, optics, lenses, , ,wood ,glass ,paper, , , , ,
urn:imss:instrument:405014,+Eyepiece lens@en, optics, lenses, , ,wood ,glass ,leather, , , , ,
urn:imss:instrument:405010,+Eyepiece lens@en, optics, lenses, , ,wood ,glass ,cardboard, , , , ,
urn:imss:instrument:405008,+Eyepiece lens@en, optics, lenses, , ,glass ,cardboard ,paper, , , , ,
urn:imss:instrument:405011,+Eyepiece lens@en, optics, lenses, , ,wood ,glass ,cardboard, , , , ,
urn:imss:instrument:405018,+Eyepiece tube@en, optics, lenses, , ,wood ,leather ,cardboard ,paper, , , ,
urn:imss:instrument:417011,+Fan@en, mechanics, fans , , ,wood ,iron ,brass, , , , ,
urn:imss:instrument:414072,+Faraday's net@en, electrical engineering, scientific instruments , , ,silk ,glass ,cotton ,brass, , , ,
urn:imss:instrument:416013,+First-order lever as balance beam@en, mechanics, scientific instruments, machines , balances ,wood ,brass, , , , , ,
urn:imss:instrument:416012,+First-order lever with bent beam@en, mechanics, scientific instruments, machines , ,wood ,brass ,lead, , , , ,
urn:imss:instrument:416008,+First-order lever@en, mechanics, scientific instruments, machines , ,wood ,brass, , , , , ,
urn:imss:instrument:416009,+First-order lever@en, mechanics, scientific instruments, machines , ,wood ,brass ,lead, , , , ,
urn:imss:instrument:403001,+Folding rule@en, geometry, surveying instruments, scientific instruments , ,brass, , , , , , ,
urn:imss:instrument:403024,+Folding rule@en, mathematics; geometry, scientific instruments , , scales ,brass, , , , , , ,
urn:imss:instrument:402060,+Folding rule@en, mathematics; geometry, scientific instruments , , scales ,brass, , , , , , ,
urn:imss:instrument:402034,+Folding rule@en, geometry, scientific instruments, scales , ,brass, , , , , , ,
urn:imss:instrument:403002,+Folding rule@en, geometry, surveying instruments, scientific instruments , scales ,brass, , , , , , ,
urn:imss:instrument:401079,+Folding square@en, mathematics; geometry, surveying instruments, scientific instruments, squares ,iron,brass, , , , , ,
urn:imss:instrument:402079,+Folding square@en, mathematics; geometry, surveying instruments, scientific instruments, squares,brass, , , , , , ,
urn:imss:instrument:403014,+Four-point proportional compasses@en, mathematics;  geometry, scientific instruments , , proportional compasses ,brass, , , , , , ,
urn:imss:instrument:404017,+Galileo and Milton@en, fine arts, portraits , , ,canvas, , , , , , ,
urn:imss:instrument:404016,+Galileo and Viviani@en, fine arts, portraits , , ,wood, , , , , , ,
urn:imss:instrument:404002,+Galileo Galilei; Sidereus Nuncius@en, astronomy; optics, books , , ,paper, , , , , , ,
urn:imss:instrument:404001,+Galileo's objective lens@en, astronomy; optics, lenses, , ,ivory ,glass ,ebony ,brass, , , ,
urn:imss:instrument:405002,+Galileo's telescope@en, astronomy; optics, telescopes, , ,wood ,leather, , , , , ,
urn:imss:instrument:405001,+Galileo's telescope@en, astronomy; optics, telescopes, , ,wood ,copper ,paper, , , , ,
urn:imss:instrument:414123,+Galvanometer; Magrini pattern@en, electrical engineering, galvanometers , , ,mahogany ,brass, , , , , ,
urn:imss:instrument:414134,+Gaulard and Gibbs secondary generator@en, electrical engineering, transformers , , ,waxed paper ,iron ,copper ,mahogany ,brass, , ,
urn:imss:instrument:402086,+Geomantic compass@en, , compasses , , ,wood, , , , , , ,
urn:imss:instrument:403015,+Geometric and military compass@en, mathematics; geometry, scientific instruments , , proportional compasses ,brass, , , , , , ,
urn:imss:instrument:404006,+Geometric and military compass@en, mathematics; geometry; mechanics, scientific instruments, proportional compasses , ,brass, , , , , , ,
urn:imss:instrument:401076,+Geometrical square@en, mathematics; geometry, scientific instruments, squares , ,brass, , , , , , ,
urn:imss:instrument:402005,+Gimbaled compass@en, geometry, surveying instruments, compasses , ,gold ,wood ,leather ,brass, , , ,
urn:imss:instrument:414139,+Gimbaled magnetic compass@en, compasses , , , ,silver , , , , , , ,
urn:imss:instrument:414140,+Gimbaled magnetic compass@en, , compasses , , ,brass, , , , , , ,
urn:imss:instrument:414010,+Globe electrical machine; Nollet type@en, electrical engineering, scientific instruments , , ,ceramic ,mahogany ,brass, , , , ,
urn:imss:instrument:414040,+Gold-leaf electroscope@en, electrical engineering, electrometers , , ,glass ,gold leaf ,mahogany ,brass, , , ,
urn:imss:instrument:403011,+Graduated ruler@en, geometry, surveying instruments, scientific instruments , rulers ,brass, , , , , , ,
urn:imss:instrument:403020,+Graphometer@en, mathematics; geometry, surveying instruments , , ,brass, , , , , , ,
urn:imss:instrument:402043,+Graphometer@en, mathematics; geometry, surveying instruments , , ,brass, , , , , , ,
urn:imss:instrument:401078,+Graphometer@en, mathematics; geometry, surveying instruments , , ,brass, , , , , , ,
urn:imss:instrument:405044,+Gregorian telescope@en, astronomy; optics, telescopes, ,leather ,steel ,brass, , , , , ,
urn:imss:instrument:401120,+Gunner's caliper@en, geometry, scientific instruments, calipers , ,brass, , , , , , ,
urn:imss:instrument:401121,+Gunner's caliper@en, geometry, scientific instruments, calipers , ,brass, , , , , , ,
urn:imss:instrument:403005,+Gunner's calliper@en, geometry, scientific instruments, , calipers ,brass, , , , , , ,
urn:imss:instrument:402025,+Gunner's level@en, geometry, scientific instruments , , ,silver ,brass, , , , , ,
urn:imss:instrument:401118,+Gunner's quadrant@en, geometry, scientific instruments, squares , ,steel, , , , , , ,
urn:imss:instrument:401117,+Gunner's quadrant@en, geometry, scientific instruments, squares , ,brass, , , , , , ,
urn:imss:instrument:401089,+Gunner's quadrant@en, geometry, scientific instruments, squares , ,brass, , , , , , ,
urn:imss:instrument:402003,+Gunner's rule@en, geometry, scientific instruments, scales , ,brass, , , , , , ,
urn:imss:instrument:401109,+Gunner's sight and level@en, geometry, scientific instruments , , ,brass, , , , , , ,
urn:imss:instrument:401110,+Gunner's sight and level@en, geometry, scientific instruments , , ,silver ,brass, , , , , ,
urn:imss:instrument:401108,+Gunner's sight and level@en, geometry, scientific instruments , , ,brass, , , , , , ,
urn:imss:instrument:414038,+Henley quadrant electrometer@en, electrical engineering, electrometers , , ,ivory ,boxwood ,brass, , , , ,
urn:imss:instrument:414037,+Henley quadrant electrometer@en, electrical engineering, electrometers , , ,ivory ,boxwood ,brass, , , , ,
urn:imss:instrument:414039,+Henley quadrant electrometer@en, electrical engineering, electrometers , , ,ivory ,boxwood ,brass, , , , ,
urn:imss:instrument:401026,+Horary disk@en, astronomy, timepieces , , ,brass, , , , , , ,
urn:imss:instrument:401034,+Horary disk@en, astronomy, timepieces , , ,brass, , , , , , ,
urn:imss:instrument:401027,+Horary disk@en, astronomy, timepieces , , ,brass, , , , , , ,
urn:imss:instrument:402049,+Horary quadrant@en, quadrants , , , ,brass, , , , , , ,
urn:imss:instrument:402006,+Horary quadrant@en, astronomy, quadrants , , ,wood ,leather ,brass, , , , ,
urn:imss:instrument:402015,+Horizontal dial@en, astronomy, sundials , , ,brass, , , , , , ,
urn:imss:instrument:403044,+Horizontal dial@en, astronomy, sundials , , ,boxwood, , , , , , ,
urn:imss:instrument:402072,+Horizontal dial@en, astronomy, sundials , , ,brass, , , , , , ,
urn:imss:instrument:402023,+Horizontal dial@en, astronomy, sundials , , ,brass, , , , , , ,
urn:imss:instrument:403025,+Horizontal dial@en, astronomy, sundials , , ,brass, , , , , , ,
urn:imss:instrument:403043,+Horizontal dial@en, astronomy, sundials , , ,boxwood, , , , , , ,
urn:imss:instrument:401059,+Hourglass@en, , hourglasses , , ,glass, , , , , , ,
urn:imss:instrument:401058,+Hourglass@en, , hourglasses , , ,glass, , , , , , ,
urn:imss:instrument:404013,+Inclined plane@en, mechanics, scientific instruments, machines , ,wood ,iron ,brass, , , , ,
urn:imss:instrument:403028,+Instrument of the Primum Mobile@en, mathematics;  geometry, scientific instruments , , ,brass, , , , , , ,
urn:imss:place:700117,+Istituto e Museo di Storia della Scienza@en, science, museums, research libraries, history;   research institutes, , , , , , , ,
urn:imss:instrument:404003,+Jovilabe@en, astronomy; optics, astronomical instruments , , ,brass, , , , , , ,
urn:imss:instrument:414036,+Kinnersley electrometer@en, electrical engineering, electrometers , , ,glass ,brass, , , , , ,
urn:imss:instrument:414127,+Kit of magneto-electric machine; Clarke pattern@en, electrical engineering, scientific instruments , , ,glass ,iron ,mahogany ,steel ,brass, , ,
urn:imss:instrument:414030,+Kundt and Cantoni electrical machine@en, electrical engineering, scientific instruments , , ,glass ,mahogany ,brass, , , , ,
urn:imss:instrument:405057,+Lady's telescopes@en, astronomy; optics, telescopes, , ,ivory ,wood, , , , , ,
urn:imss:instrument:414048,+Lane electrometer and Leyden jar on insulated support@en, electrical engineering, electrometers , , ,glass ,tinfoil ,mahogany ,brass, , , ,
urn:imss:instrument:414047,+Lane electrometer on Leyden jar@en, electrical engineering, electrometers , , ,glass ,tinfoil ,mahogany ,brass, , , ,
urn:imss:instrument:414046,+Lane electrometer@en, electrical engineering, electrometers , , ,mahogany ,brass, , , , , ,
urn:imss:instrument:404012,+Large armed lodestone@en, physical sciences, scientific instruments , , ,wood ,iron ,magnetite ,brass, , , ,
urn:imss:instrument:414013,+Large helical prime conductor@en, electrical engineering, scientific instruments , , ,gold ,wood ,glass ,foil, , , ,
urn:imss:instrument:414009,+Large rectangular lodestone@en, physical sciences, scientific instruments , , ,wood ,iron ,magnetite, , , , ,
urn:imss:instrument:414008,+Large spherical lodestone@en, physical sciences, scientific instruments , , ,iron ,copper ,magnetite ,brass ,lead, , ,
urn:imss:instrument:403018,+Level@en, geometry, surveying instruments, levels , ,glass ,brass, , , , , ,
urn:imss:instrument:416007,+Lever suspended at both ends@en, mechanics, scientific instruments, machines , ,wood ,iron ,brass, , , , ,
urn:imss:instrument:414059,+Leyden-jar electrode@en, electrical engineering, electrometers , , ,tinfoil ,brass,glass , , , , ,
urn:imss:instrument:414124,+Linesman detector@en, geography, galvanometers , , ,mahogany ,brass, , , , , ,
urn:imss:instrument:414028,+Long-spark plate electrical machine@en, electrical engineering, scientific instruments , , ,glass ,mahogany ,brass, , , , ,
urn:imss:instrument:414061,+Luminous discharge tubes@en, electrical engineering, scientific instruments , , ,glass ,tinfoil ,brass, , , , ,
urn:imss:instrument:416001,+Machine for experiments on the centrifugal force@en, mechanics, scientific instruments , , ,wood ,glass ,iron ,brass, , , ,
urn:imss:instrument:414007,+Magnetic cabinet@en, physical sciences, scientific instruments , , ,iron ,mahogany ,steel ,brass, , , ,
urn:imss:instrument:402081,+Magnetic compass@en, geometry, surveying instruments, compasses , ,brass, , , , , , ,
urn:imss:instrument:402014,+Magnetic compass@en, geometry, surveying instruments, compasses , ,brass, , , , , , ,
urn:imss:instrument:414143,+Magnetic declination compass@en, electrical engineering, declinometers , , ,slate ,steel ,brass, , , , ,
urn:imss:instrument:414006,+Magnetic ducks@en, physical sciences, scientific instruments , , ,iron ,ceramic ,magnetite, , , , ,
urn:imss:instrument:414133,+Magneto-electric locomotive@en, electrical engineering, motors , , ,wood ,steel, , , , , ,
urn:imss:instrument:414126,+Magneto-electric machine by Pixii@en, electrical engineering, scientific instruments , , ,iron ,mahogany ,steel ,brass, , , ,
urn:imss:instrument:414131,+Magrini's electric motor@en, electrical engineering, motors , , ,wood ,iron ,brass, , , , ,
urn:imss:instrument:414122,+Maiocchi's universal galvanometer@en, electrical engineering, galvanometers , , ,wood ,steel ,paper ,brass, , , ,
urn:imss:instrument:402067,+Mariner's astrolabe@en, geography, navigational instruments, astrolabes , ,bronze, , , , , , ,
urn:imss:instrument:402085,+Mariner's compass@en, compasses, navigational instruments , , ,wood ,glass ,steel ,brass, , , ,
urn:imss:instrument:403064,+Mariner's quadrant@en, geography, scientific instruments, quadrants , navigational instruments ,brass, , , , , , ,
urn:imss:instrument:402002,+Mathematical compendium@en, mathematics; geometry, scientific instruments , , ,leather ,brass,silver , , , , ,
urn:imss:instrument:401088,+Measuring rule@en, geometry, surveying instruments, scientific instruments , scales ,wood ,brass, , , , , ,
urn:imss:instrument:402042,+Mechanical almanac@en, astronomy, scientific instruments , , ,brass, , , , , , ,
urn:imss:instrument:414128,+Medical magneto-electric machine; Clarke pattern@en, medicine; electrical engineering, scientific instruments , , ,steel ,brass, , , , , ,
urn:imss:instrument:404010,+Middle finger of Galileo's right hand@en, astronomy, relics , , ,glass ,marble, , , , , ,
urn:imss:instrument:401103,+Military compass@en, mathematics; geometry, scientific instruments , , surveyors' compasses ,iron ,brass, , , , , ,
urn:imss:instrument:401116,+Military compass@en, mathematics; geometry, scientific instruments , , proportional compasses ,brass, , , , , , ,
urn:imss:instrument:402038,+Military instrument@en, mathematics; geometry, scientific instruments , , ,brass, , , , , , ,
urn:imss:instrument:403035,+Military instrument@en, geometry, scientific instruments , , ,brass, , , , , , ,
urn:imss:instrument:401085,+Military rule@en, geometry, scientific instruments, scales , ,brass, , , , , , ,
urn:imss:instrument:401086,+Military rule@en, geometry, scientific instruments, scales , ,brass, , , , , , ,
urn:imss:instrument:416005,+Model illustrating the human arm as third-order lever@en, mechanics, models, scientific instruments , machines ,wood ,silk ,brass ,lead, , , ,
urn:imss:instrument:417005,+Model of obelisk-raising machine@en, mechanics, scientific instruments , , ,ivory ,wood ,iron ,marble ,brass, , ,
urn:imss:instrument:414119,+Model of Oersted's version of Schweigger's multiplier@en, electrical engineering, measuring devices , , ,wood ,glass ,copper ,steel ,brass, , ,
urn:imss:instrument:404005,+Model of the application of the pendulum to the clock@en, mechanics, pendulums, clocks , ,iron ,brass, , , , , ,
urn:imss:instrument:403050,+Model of the lunar orb@en, astronomy, models , , ,brass, , , , , , ,
urn:imss:instrument:417018,+Model winch@en, mechanics, scientific instruments, machines , ,wood ,brass, , , , , ,
urn:imss:instrument:417008,+Model winch@en, mechanics, scientific instruments, machines , ,wood ,brass, , , , , ,
urn:imss:instrument:414033,+Modified Carr?? electrical machine@en, electrical engineering, scientific instruments , , ,glass ,iron ,mahogany ,brass, , , ,
urn:imss:instrument:417007,+Multi-groove pulley@en, mechanics, machines , , ,wood ,lead, , , , , ,
urn:imss:instrument:416015,+Multi-lever apparatus@en, mechanics, machines , , ,wood ,brass, , , , , ,
urn:imss:instrument:416011,+Multi-lever apparatus@en, mechanics, machines , , ,wood ,brass, , , , , ,
urn:imss:instrument:414011,+Nairne's large cylinder electrical machine and prime conductor@en, electrical engineering, scientific instruments , , ,glass ,mahogany ,brass, , , , ,
urn:imss:instrument:402050,+Nautical circle@en, geography, navigational instruments , , ,brass, , , , , , ,
urn:imss:instrument:402045,+Nautical compass@en, mathematics; geometry; geography, dividers, navigational instruments, ,brass, , , , , , ,
urn:imss:instrument:402046,+Nautical compass@en, mathematics;  geometry; geography, navigational instruments, dividers , ,brass, , , , , , ,
urn:imss:instrument:402051,+Nautical hemisphere@en, geography, navigational instruments , , ,brass, , , , , , ,
urn:imss:instrument:402059,+Nautical instrument@en, geography, navigational instruments , , ,brass, , , , , , ,
urn:imss:instrument:401013,+Naviculum dial@en, astronomy, sundials , , ,brass, , , , , , ,
urn:imss:instrument:414087,+Nobili-Melloni radiant-heat thermopile@en, electrical engineering, batteries , surveying instruments, ,bismuth white ,antimony ,brass, , , , ,
urn:imss:instrument:414090,+Nobili-Melloni radiant-heat thermopile@en, electrical engineering, batteries , , ,bismuth white ,antimony ,brass ,cast iron, , , ,
urn:imss:instrument:414088,+Nobili-Melloni radiant-heat thermopile@en, electrical engineering, batteries , , ,bismuth white ,antimony ,brass, , , , ,
urn:imss:instrument:414114,+Nobili's battery for his metalochromic apparatus@en, electrical engineering, batteries , , ,wood ,glass ,zinc ,copper, , , ,
urn:imss:instrument:414085,+Nobili's box thermopile@en, electrical engineering, batteries , , ,antimony ,bismuth white ,brass, , , , ,
urn:imss:instrument:414084,+Nobili's box thermopile@en, electrical engineering, batteries , , ,bismuth white ,antimony ,brass, , , , ,
urn:imss:instrument:414086,+Nobili's box thermopile@en, electrical engineering, batteries , , ,boxwood ,antimony ,bismuth white ,brass, , , ,
urn:imss:instrument:414083,+Nobili's constant-current thermopile@en, electrical engineering, batteries , , ,bismuth white ,antimony ,brass, , , , ,
urn:imss:instrument:414082,+Nobili's constant-current thermopile@en, electrical engineering, batteries , , ,bismuth white ,antimony ,brass, , , , ,
urn:imss:instrument:414081,+Nobili's constant-current thermopile@en, electrical engineering, batteries , , ,antimony ,bismuth white ,brass, , , , ,
urn:imss:instrument:414074,+Nobili's differential galvanometer@en, electrical engineering, galvanometers , , ,wood ,steel ,brass, , , , ,
urn:imss:instrument:414089,+Nobili's disk-pattern radiant-heat thermopile@en, electrical engineering, batteries , , ,bismuth white ,antimony ,brass, , , , ,
urn:imss:instrument:414094,+Nobili's double sparking magnet@en, electrical engineering, scientific instruments , , ,iron ,mahogany ,steel ,brass, , , ,
urn:imss:instrument:414096,+Nobili's electromagnetic bobbin for sparking magnet@en, electrical engineering, coils , , ,silk ,iron ,copper ,brass, , , ,
urn:imss:instrument:414095,+Nobili's electromagnetic bobbin for sparking magnet@en, electrical engineering, coils , , ,silk ,iron ,copper, , , , ,
urn:imss:instrument:414098,+Nobili's electromagnetic kit@en, electrical engineering, scientific instruments , , ,boxwood ,iron ,zinc ,copper ,steel ,mahogany ,brass,
urn:imss:instrument:414099,+Nobili's flat coil@en, electrical engineering, coils , , ,wood ,copper ,mahogany ,brass, , , ,
urn:imss:instrument:414076,+Nobili's hydroelectric galvanometer@en, electrical engineering, galvanometers , , ,wood ,glass ,paper ,brass, , , ,
urn:imss:instrument:414077,+Nobili's instantaneous-current galvanometer@en, electrical engineering, galvanometers , , ,wood ,glass ,steel ,brass ,lead, , ,
urn:imss:instrument:414073,+Nobili's large astatic galvanometer@en, electrical engineering, galvanometers , , ,silk ,wood ,glass ,iron ,brass, , ,
urn:imss:instrument:414113,+Nobili's large membrane cell@en, electrical engineering, scientific instruments , , ,wood ,iron, , , , , ,
urn:imss:instrument:414112,+Nobili's membrane cells@en, electrical engineering, scientific instruments , , ,wood ,iron ,copper ,brass, , , ,
urn:imss:instrument:414108,+Nobili's metalochromes@en, electrical engineering, scientific instruments , , ,steel, , , , , , ,
urn:imss:instrument:414110,+Nobili's metalochromic apparatus@en, electrical engineering, scientific instruments , , ,glass ,brass ,lead, , , , ,
urn:imss:instrument:414109,+Nobili's metalochromic apparatus@en, electrical engineering, scientific instruments , , ,wood ,brass, , , , , ,
urn:imss:instrument:414111,+Nobili's metalochromic apparatus@en, electrical engineering, scientific instruments , , ,mahogany ,brass, , , , , ,
urn:imss:instrument:414107,+Nobili's model of Amp??re's theory of magnetism@en, electrical engineering, magnetometers , , ,wood ,brass, , , , , ,
urn:imss:instrument:414106,+Nobili's models of Amp??re's theory of magnetism@en, electrical engineering, magnetometers , , ,wood ,paper, , , , , ,
urn:imss:instrument:414105,+Nobili's models of magnetic field around an electrified wire@en, electrical engineering, scientific instruments , , ,wood, , , , , , ,
urn:imss:instrument:414075,+Nobili's portable galvanometer for hydroelectricity@en, electrical engineering, galvanometers , , ,wood ,iron ,paper ,brass ,lead, , ,
urn:imss:instrument:414080,+Nobili's prototype thermopile@en, electrical engineering, batteries , , ,bismuth white ,antimony ,brass, , , , ,
urn:imss:instrument:414100,+Nobili's rotating electromagnetic coil@en, electrical engineering, coils , , ,wood ,copper ,brass, , , , ,
urn:imss:instrument:414092,+Nobili's sparking magnet@en, electrical engineering, scientific instruments , , ,wood ,iron ,steel ,brass, , , ,
urn:imss:instrument:414093,+Nobili's sparking magnet@en, electrical engineering, scientific instruments , , ,wood ,iron ,steel ,brass, , , ,
urn:imss:instrument:414079,+Nobili's static-electricity galvanometer@en, electrical engineering, galvanometers , , ,wood ,glass ,steel ,paper ,brass ,lead, ,
urn:imss:instrument:414078,+Nobili's thermoelectric galvanometer@en, electrical engineering, galvanometers , , ,wood ,steel ,paper ,brass ,lead, , ,
urn:imss:instrument:414091,+Nobili's thermopile with micrometers@en, electrical engineering, batteries , , ,ebony ,bismuth white ,antimony ,brass, , , ,
urn:imss:instrument:414097,+Nobili's version of Barlow's electromagnetic terrella@en, electrical engineering, scientific instruments , , ,wood ,copper ,brass, , , , ,
urn:imss:instrument:414101,+Nobili's version of Faraday's continuously rotating wire apparatus@en, electrical engineering, scientific instruments , , ,boxwood ,zinc ,iron ,copper ,brass, , ,
urn:imss:instrument:414103,+Nobili's version of Faraday's continuously rotating wire apparatus@en, electrical engineering, scientific instruments , , ,boxwood ,iron, , , , , ,
urn:imss:instrument:414102,+Nobili's version of Faraday's continuously rotating wire apparatus@en, electrical engineering, scientific instruments , , ,boxwood ,iron ,zinc ,copper ,brass, , ,
urn:imss:instrument:414116,+Nobili's Wollaston battery element@en, electrical engineering, batteries , , ,wood ,zinc ,copper ,brass, , , ,
urn:imss:instrument:414115,+Nobili's Wollaston battery@en, electrical engineering, batteries , , ,wood ,zinc ,copper ,brass, , , ,
urn:imss:instrument:403040,+Nocturnal and quadrant@en, astronomy, quadrants, , dials ,brass, , , , , , ,
urn:imss:instrument:403039,+Nocturnal and quadrant@en, astronomy, quadrants, dials , ,brass, , , , , , ,
urn:imss:instrument:401024,+Nocturnal and sundial@en, astronomy, sundials, dials , ,brass, , , , , , ,
urn:imss:instrument:403067,+Nocturnal and sundial@en, astronomy, sundials, dials , ,brass, , , , , , ,
urn:imss:instrument:401033,+Nocturnal and sundial@en, astronomy, sundials, dials , ,wood ,brass, , , , , ,
urn:imss:instrument:401018,+Nocturnal and sundial@en, astronomy, sundials, dials , ,brass, , , , , , ,
urn:imss:instrument:402022,+Nocturnal and sundial@en, astronomy, sundials, dials , ,brass, , , , , , ,
urn:imss:instrument:401019,+Nocturnal and sundial@en, astronomy, sundials, dials , ,brass, , , , , , ,
urn:imss:instrument:403046,+Nocturnal and sundial@en, astronomy, sundials, dials , ,brass, , , , , , ,
urn:imss:instrument:403045,+Nocturnal and sundial@en, astronomy, sundials, dials , ,brass, , , , , , ,
urn:imss:instrument:401022,+Nocturnal@en, astronomy, dials , , ,brass, , , , , , ,
urn:imss:instrument:401020,+Nocturnal@en, astronomy, dials , , ,brass ,bronze, , , , , ,
urn:imss:instrument:402066,+Nocturnal@en, astronomy, dials , , ,brass, , , , , , ,
urn:imss:instrument:401021,+Nocturnal@en, astronomy, dials , , ,brass, , , , , , ,
urn:imss:instrument:401023,+Nocturnal@en, astronomy, dials , , ,brass, , , , , , ,
urn:imss:instrument:405005,+Objective lens@en, optics, lenses, , ,glass ,cardboard ,leather, , , , ,
urn:imss:instrument:405020,+Objective lens@en, optics, lenses, ,  scales ,glass, , , , , , ,
urn:imss:instrument:405022,+Objective lens@en, optics, lenses, , ,wood ,glass, , , , , ,
urn:imss:instrument:405006,+Objective lens@en, optics, lenses, , ,glass, , , , , , ,
urn:imss:instrument:405021,+Objective lens@en, optics, lenses, , ,wood ,glass ,cardboard, , , , ,
urn:imss:instrument:405003,+Objective lens@en, optics, lenses, , ,glass ,cardboard, , , , , ,
urn:imss:instrument:405013,+Objective lens@en, optics, lenses, , ,glass, , , , , , ,
urn:imss:instrument:405054,+Octagonal telescope@en, astronomy; optics, telescopes, , ,wood ,cardboard ,paper, , , , ,
urn:imss:instrument:405029,+Octagonal telescope@en, astronomy;  optics, telescopes, , ,wood ,cardboard ,paper, , , , ,
urn:imss:instrument:401075,+Octant@en, astronomy; mathematics, scientific instruments, octants , ,brass, , , , , , ,
urn:imss:instrument:401125,+Odometer@en, mathematics; geometry, odometers , , ,brass, , , , , , ,
urn:imss:instrument:401061,+Oil clock@en, timepieces , , , ,glass,pewter, , , , , ,
urn:imss:instrument:401133,+Pantograph@en, geometry, drawing instruments, pantographs , ,wood, , , , , , ,
urn:imss:instrument:405015,+Part of a compound eyepiece@en, optics, lenses, , ,cardboard ,paper, , , , , ,
urn:imss:instrument:417025,+Plane with variable inclination@en, mechanics, scientific instruments , , ,wood ,marble ,iron ,brass, , , ,
urn:imss:instrument:417024,+Plane with variable inclination@en, mechanics, scientific instruments , , ,ivory ,wood ,brass ,lead, , , ,
urn:imss:instrument:414015,+Plate electrical machine; English type@en, electrical engineering, scientific instruments , , ,wood ,glass ,brass, , , , ,
urn:imss:instrument:414016,+Plate electrical machine; French type@en, electrical engineering, scientific instruments , , ,glass ,boxwood ,brass, , , , ,
urn:imss:instrument:414027,+Plate electrical machine@en, electrical engineering, scientific instruments , , ,wood ,glass ,brass, , , , ,
urn:imss:instrument:402058,+Plate for nautical use@en, geography, navigational instruments , , ,brass, , , , , , ,
urn:imss:instrument:402078,+Plumb level (gunner's level) and proportional compasses@en, mathematics; geometry, scientific instruments , , proportional compasses ,brass, , , , , , ,
urn:imss:instrument:401112,+Plumb level@en, mathematics; geometry, scientific instruments , , ,brass, , , , , , ,
urn:imss:instrument:401114,+Plumb level@en, mathematics; geometry, scientific instruments , , ,brass, , , , , , ,
urn:imss:instrument:401115,+Plumb level@en, mathematics; geometry, scientific instruments , , ,brass, , , , , , ,
urn:imss:instrument:401111,+Plumb level@en, mathematics; geometry, scientific instruments , , ,wood, , , , , , ,
urn:imss:instrument:401113,+Plumb level@en, mathematics; geometry, scientific instruments , , ,brass, , , , , , ,
urn:imss:instrument:403055,+Polyhedral dial@en, astronomy, sundials , , ,wood, , , , , , ,
urn:imss:instrument:403053,+Polyhedral dial@en, astronomy, sundials , , ,wood, , , , , , ,
urn:imss:instrument:403047,+Polyhedral dial@en, astronomy, sundials , , ,wood, , , , , , ,
urn:imss:instrument:403059,+Polyhedral dial@en, astronomy, sundials , , ,wood, , , , , , ,
urn:imss:instrument:403056,+Polyhedral dial@en, astronomy, sundials , , ,wood, , , , , , ,
urn:imss:instrument:403054,+Polyhedral dial@en, astronomy, sundials , , ,wood, , , , , , ,
urn:imss:instrument:403048,+Polyhedral dial@en, astronomy, sundials , , ,wood, , , , , , ,
urn:imss:instrument:401060,+Polyhedral dial@en, astronomy, sundials , , ,stone, , , , , , ,
urn:imss:instrument:403058,+Polyhedral dial@en, astronomy, sundials , , ,wood, , , , , , ,
urn:imss:instrument:401032,+Polyhedral dial@en, astronomy, sundials , , ,copper, , , , , , ,
urn:imss:instrument:414019,+Portable globe electrical machine; English type@en, electrical engineering, scientific instruments , , ,glass ,mahogany ,brass, , , , ,
urn:imss:instrument:414020,+Portable globe electrical machine; English type@en, electrical engineering, scientific instruments , , ,glass ,mahogany ,brass, , , , ,
urn:imss:instrument:414022,+Portable plate electrical machine; English type@en, electrical engineering, scientific instruments , , ,wood ,glass ,brass, , , , ,
urn:imss:instrument:414026,+Portable plate electrical machine; English type@en, electrical engineering, scientific instruments , , ,glass ,mahogany ,brass, , , , ,
urn:imss:instrument:414024,+Portable plate electrical machine; English type@en, electrical engineering, scientific instruments , , ,wood ,glass ,bismuth white ,brass, , , ,
urn:imss:instrument:414023,+Portable plate electrical machine; English type@en, electrical engineering, scientific instruments , , ,wood ,glass ,brass, , , , ,
urn:imss:instrument:414025,+Portable plate electrical machine; English type@en, electrical engineering, scientific instruments , , ,wood ,glass ,velvet ,brass, , , ,
urn:imss:instrument:404011,+Portrait of Galileo@en, fine arts, portraits , , ,canvas, , , , , , ,
urn:imss:instrument:402090,+Portrait of Nikolaus Kratzer@en, fine arts, portraits, , , , , , , , , ,
urn:imss:instrument:414054,+Powder house@en, electrical engineering, lightning rods , , ,cloth ,mahogany ,brass, , , , ,
urn:imss:instrument:414053,+Powder house@en, electrical engineering, lightning rods , , ,mahogany ,brass, , , , , ,
urn:imss:instrument:414014,+Prime conductor@en, electrical engineering, scientific instruments , , ,glass ,mahogany ,brass, , , , ,
urn:imss:instrument:402021,+Proportional and surveying compasses@en, mathematics; geometry, surveying instruments, scientific instruments, proportional compasses,brass, , , , , , ,
urn:imss:instrument:401093,+Proportional compasses@en, mathematics; geometry, scientific instruments , proportional compasses , ,brass, , , , , , ,
urn:imss:instrument:402075,+Proportional compasses@en, mathematics; geometry, scientific instruments , , proportional compasses ,brass, , , , , , ,
urn:imss:instrument:402076,+Proportional compasses@en, mathematics; geometry, scientific instruments , , proportional compasses ,brass, , , , , , ,
urn:imss:instrument:403023,+Proportional compasses@en, mathematics;  geometry, scientific instruments , , proportional compasses ,brass, , , , , , ,
urn:imss:instrument:401092,+Proportional compasses@en, mathematics;  geometry, scientific instruments , , proportional compasses ,brass, , , , , , ,
urn:imss:instrument:401090,+Proportional compasses@en, mathematics;  geometry, scientific instruments , , proportional compasses ,brass, , , , , , ,
urn:imss:instrument:402037,+Proportional compasses@en, mathematics; geometry, scientific instruments , proportional compasses , ,brass, , , , , , ,
urn:imss:instrument:401087,+Proportional rule@en, geometry, drawing instruments, rulers , ,brass, , , , , , ,
urn:imss:instrument:401072,+Protractor@en, mathematics; geometry, protractors, , scientific instruments ,brass, , , , , , ,
urn:imss:instrument:402062,+Protractor@en, mathematics; geometry, protractors, , scientific instruments ,brass, , , , , , ,
urn:imss:instrument:402016,+Protractor@en, geometry, protractors, surveying instruments, drawing instruments ,brass, , , , , , ,
urn:imss:instrument:402080,+Protractor@en, mathematics; geometry, protractors, drawing instruments, scientific instruments ,brass, , , , , , ,
urn:imss:instrument:414071,+Puffer for Lichtenberg figures@en, electrical engineering, scientific instruments , , ,boxwood ,leather, , , , , ,
urn:imss:instrument:401010,+Quadrant with cursor@en, astronomy, quadrants , , ,brass, , , , , , ,
urn:imss:instrument:403032,+Quadrant@en, astronomy, quadrants , , ,leather ,brass, , , , , ,
urn:imss:instrument:403049,+Quadrant@en, astronomy, quadrants , , ,brass, , , , , , ,
urn:imss:instrument:402026,+Quadrant@en, geometry, surveying instruments, quadrants , ,wood ,copper ,leather, , , , ,
urn:imss:instrument:403030,+Quadrant@en, astronomy, quadrants , , ,brass, , , , , , ,
urn:imss:instrument:401080,+Quadrant@en, mathematics;  geometry, scientific instruments , quadrants , ,brass, , , , , , ,
urn:imss:instrument:403003,+Quadrant@en, mathematics; geometry, scientific instruments , quadrants , ,brass, , , , , , ,
urn:imss:instrument:403065,+Quadrant@en, mathematics; geometry, scientific instruments , , quadrants ,brass, , , , , , ,
urn:imss:instrument:403042,+Quadrant@en, astronomy, quadrants , , ,brass, , , , , , ,
urn:imss:instrument:403052,+Quadrant@en, astronomy, quadrants , , ,brass ,lignum vitae, , , , , ,
urn:imss:instrument:402027,+Quadrant@en, astronomy; mathematics; geometry, scientific instruments, quadrants , ,copper, , , , , , ,
urn:imss:instrument:403031,+Quadrant@en, astronomy, quadrants , , ,brass, , , , , , ,
urn:imss:instrument:403021,+Quadrant@en, mathematics.  geometry, scientific instruments , , quadrants ,brass, , , , , , ,
urn:imss:instrument:403033,+Quadrant@en, astronomy, quadrants , , ,lignum vitae, , , , , , ,
urn:imss:instrument:401081,+Quadrant@en, mathematics;  geometry, scientific instruments , , quadrants ,brass, , , , , , ,
urn:imss:instrument:403004,+Quadrant@en, mathematics;  geometry, scientific instruments , , quadrants ,iron, , , , , , ,
urn:imss:instrument:402053,+Quadrant@en, astronomy, quadrants , , ,brass, , , , , , ,
urn:imss:instrument:402055,+Quadrant@en, astronomy; mathematics, scientific instruments, quadrants, ,wood ,brass, , , , , ,
urn:imss:instrument:402061,+Quadrant@en, mathematics; geometry, scientific instruments , , quadrants ,brass, , , , , , ,
urn:imss:instrument:402004,+Quadrants@en, mathematics;  geometry, surveying instruments, scientific instruments, quadrants,brass, , , , , , ,
urn:imss:instrument:401119,+Ramrods@en, geometry, scientific instruments , , ,wood, , , , , , ,
urn:imss:instrument:401101,+Reduction compass@en, mathematics;  geometry, drawing instruments , , compasses ,brass, , , , , , ,
urn:imss:instrument:403063,+Reduction compass@en, mathematics; geometry, drawing instruments , , compasses ,wood ,leather ,steel ,brass, , , ,
urn:imss:instrument:401100,+Reduction compass@en, mathematics; geometry, drawing instruments , , compasses ,brass, , , , , , ,
urn:imss:instrument:401099,+Reduction compass@en, mathematics;  geometry, drawing instruments , , compasses ,brass, , , , , , ,
urn:imss:instrument:402011,+Reel@en, geometry, surveying instruments, scientific instruments , ,wood ,rope ,brass, , , , ,
urn:imss:instrument:401062,+Refraction dial@en, astronomy, sundials , , ,brass, , , , , , ,
urn:imss:instrument:414138,+Reis telephone transmitter@en, electrical engineering, telegraphs, , ,mahogany ,brass, , , , , ,
urn:imss:instrument:405004,+Ring for objective lens@en, optics, lenses, , ,cardboard, , , , , , ,
urn:imss:instrument:402083,+Ringing ball@en, , acoustic equipment , , ,brass, , , , , , ,
urn:imss:instrument:402082,+Ringing ball@en, , acoustic equipment , , ,brass, , , , , , ,
urn:imss:instrument:401083,+Ruler@en, geometry, drawing instruments, rulers , ,wood ,brass, , , , , ,
urn:imss:instrument:401084,+Ruler@en, geometry, drawing instruments, rulers , ,brass, , , , , , ,
urn:imss:instrument:401064,+Scaphe dial@en, astronomy, sundials , , ,brass, , , , , , ,
urn:imss:instrument:403066,+Scaphe dial@en, astronomy, sundials , , ,wood, , , , , , ,
urn:imss:instrument:401063,+Scaphe dial@en, astronomy, sundials , , ,brass, , , , , , ,
urn:imss:instrument:417014,+Screw@en, mechanics, machines , , ,wood ,iron ,brass, , , , ,
urn:imss:instrument:416014,+Second-order lever@en, mechanics, scientific instruments, machines , ,wood ,brass ,lead, , , , ,
urn:imss:instrument:414035,+Set of mercury friction tubes@en, electrical engineering, scientific instruments , , ,wood ,glass ,mercury, , , , ,
urn:imss:instrument:414041,+Single gold-leaf electroscope; Bohnenberger type@en, electrical engineering, electrometers , , ,brass ,walnut, , , , , ,
urn:imss:instrument:401095,+Single-handed dividers@en, mathematics; geometry; geography, navigational instruments, dividers, ,brass, , , , , , ,
urn:imss:instrument:401094,+Single-handed dividers@en, mathematics;  geometry; geography, navigational instruments, dividers , ,brass, , , , , , ,
urn:imss:instrument:401096,+Single-handed dividers@en, mathematics; geography; geometry, navigational instruments, dividers, ,brass, , , , , , ,
urn:imss:instrument:414063,+Small dish for igniting alcohol@en, electrical engineering, scientific instruments , , ,brass, , , , , , ,
urn:imss:instrument:401012,+Solar quadrant@en, astronomy, quadrants , , ,wood, , , , , , ,
urn:imss:instrument:401011,+Solar quadrant@en, astronomy, quadrants , , ,boxwood, , , , , , ,
urn:imss:instrument:414068,+Spark chamber of a eudiometer@en, electrical engineering, meteorological instruments , , ,glass ,copper ,brass, , , , ,
urn:imss:instrument:401082,+Square@en, geometry, drawing instruments, squares , ,brass, , , , , , ,
urn:imss:instrument:402077,+Square@en, geometry, drawing instruments, squares , ,brass, , , , , , ,
urn:imss:instrument:417016,+Stand with tackle and polyspaston@en, mechanics, scientific instruments , , ,ivory ,wood ,brass, , , , ,
urn:imss:instrument:417015,+Stand with tackles@en, mechanics, scientific instruments , , ,wood ,iron ,brass, , , , ,
urn:imss:instrument:414043,+Straw electrometer; Volta type@en, electrical engineering, electrometers , , ,glass ,brass, , , , , ,
urn:imss:instrument:414042,+Straw electrometer; Volta type@en, electrical engineering, electrometers , , ,glass ,tinfoil ,brass, , , , ,
urn:imss:instrument:414044,+Straw electrometer; Volta type@en, electrical engineering, electrometers , , ,glass ,tinfoil ,brass, , , , ,
urn:imss:instrument:401037,+Sundial@en, astronomy, sundials , , ,brass, , , , , , ,
urn:imss:instrument:401039,+Sundial@en, astronomy, sundials , , ,slate, , , , , , ,
urn:imss:instrument:401053,+Sundial@en, astronomy, sundials , , ,ivory, , , , , , ,
urn:imss:instrument:401041,+Sundial@en, astronomy, sundials , , ,slate, , , , , , ,
urn:imss:instrument:401043,+Sundial@en, astronomy, sundials , , ,slate, , , , , , ,
urn:imss:instrument:401052,+Sundial@en, astronomy, sundials , , ,ivory ,brass, , , , , ,
urn:imss:instrument:401054,+Sundial@en, astronomy, sundials , , ,ivory, , , , , , ,
urn:imss:instrument:402029,+Sundial@en, astronomy, sundials , , ,wood, , , , , , ,
urn:imss:instrument:401055,+Sundial@en, astronomy, sundials , , ,wood ,brass, , , , , ,
urn:imss:instrument:401025,+Sundial@en, astronomy, sundials , , ,wood ,glass ,brass, , , , ,
urn:imss:instrument:401036,+Sundial@en, astronomy, sundials , , ,wood, , , , , , ,
urn:imss:instrument:401044,+Sundial@en, astronomy, sundials , , ,slate, , , , , , ,
urn:imss:instrument:401038,+Sundial@en, astronomy, sundials , , ,slate, , , , , , ,
urn:imss:instrument:401045,+Sundial@en, astronomy, sundials , , ,glass ,copper ,paper ,brass, , , ,
urn:imss:instrument:401042,+Sundial@en, astronomy, sundials , , ,slate, , , , , , ,
urn:imss:instrument:401050,+Sundial@en, astronomy, sundials , , ,brass, , , , , , ,
urn:imss:instrument:401040,+Sundial@en, astronomy, sundials , , ,slate, , , , , , ,
urn:imss:instrument:401051,+Sundial@en, astronomy, sundials , , ,ivory, , , , , , ,
urn:imss:instrument:401035,+Sundial@en, astronomy, sundials , , ,brass, , , , , , ,
urn:imss:instrument:402084,+Sundial@en, astronomy, compasses , , ,wood ,copper, , , , , ,
urn:imss:instrument:401105,+Surveying compass@en, mathematics; geometry, surveying instruments, scientific instruments, surveyors' compasses ,brass, , , , , , ,
urn:imss:instrument:401070,+Surveying compass@en, mathematics; geometry, surveying instruments, compasses, scientific instruments,brass, , , , , , ,
urn:imss:instrument:401069,+Surveying compass@en, mathematics; geometry, surveying instruments, compasses, scientific instruments ,brass, , , , , , ,
urn:imss:instrument:403013,+Surveying compass@en, mathematics; geometry, surveying instruments, scientific instruments, compasses ,brass, , , , , , ,
urn:imss:instrument:401073,+Surveying compass@en, mathematics; geometry, surveying instruments, scientific instruments, compasses ,brass, , , , , , ,
urn:imss:instrument:401106,+Surveying compass@en, mathematics; geometry, surveying instruments, scientific instruments, surveyors' compasses ,brass, , , , , , ,
urn:imss:instrument:401104,+Surveying compass@en, mathematics;  geometry, surveying instruments, scientific instruments, surveyors' compasses ,brass, , , , , , ,
urn:imss:instrument:401071,+Surveying compass@en, mathematics; geometry, surveying instruments, scientific instruments, compasses ,brass, , , , , , ,
urn:imss:instrument:402063,+Surveying compass@en, mathematics; geometry, surveying instruments, scientific instruments, surveyors' compasses ,brass, , , , , , ,
urn:imss:instrument:403036,+Surveying instrument@en, geometry, surveying instruments, drawing instruments , ,brass, , , , , , ,
urn:imss:instrument:402036,+Surveying instrument@en, geometry, surveying instruments , , ,yew ,brass, , , , , ,
urn:imss:instrument:402031,+Surveying instrument@en, geometry, surveying instruments , , ,brass, , , , , , ,
urn:imss:instrument:402020,+Surveying rod@en, geometry, surveying instruments , , ,wood ,brass, , , , , ,
urn:imss:instrument:402017,+Surveying rods@en, geometry, surveying instruments , , ,brass, , , , , , ,
urn:imss:instrument:403019,+Surveyor's square@en, geometry, surveying instruments , , ,brass, , , , , , ,
urn:imss:instrument:403010,+Surveyor's square@en, geometry, surveying instruments , , ,brass, , , , , , ,
urn:imss:instrument:405026,+Telescope for Torricelli's lens@en, astronomy; optics, lenses, , telescopes,brass, , , , , , ,
urn:imss:instrument:405042,+Telescope in the form of a walking stick@en, astronomy; optics, telescopes, , ,silk ,wood ,silver ,iron ,brass, , ,
urn:imss:instrument:405050,+Telescope with accessories@en, astronomy; optics, telescopes, , ,wood ,cardboard ,leather, , , , ,
urn:imss:instrument:405055,+Telescope with square section@en, astronomy; optics, telescopes, , ,wood ,brass, , , , , ,
urn:imss:instrument:405047,+Telescope@en, astronomy;  optics, telescopes, , ,wood ,cardboard ,leather ,paper ,brass, , ,
urn:imss:instrument:405025,+Telescope@en, astronomy; optics, telescopes, , ,wood ,marbled paper ,cardboard, , , , ,
urn:imss:instrument:405040,+Telescope@en, astronomy; optics, telescopes, , ,wood ,cardboard, , , , , ,
urn:imss:instrument:405030,+Terrestrial telescope@en, astronomy;  optics, telescopes, , ,silk ,velvet ,paper, , , , ,
urn:imss:instrument:405049,+Terrestrial telescope@en, astronomy; optics, telescopes, , ,cardboard ,paper, , , , , ,
urn:imss:instrument:405028,+Terrestrial telescope@en, astronomy; optics, telescopes, ,leather ,cardboard, , , , , , ,
urn:imss:instrument:405024,+Terrestrial telescope@en, astronomy; optics, telescopes, , ,cardboard ,leather, , , , , ,
urn:imss:instrument:405041,+Terrestrial telescope@en, astronomy; optics, telescopes, , ,horn ,cardboard ,leather ,brass, , , ,
urn:imss:instrument:405038,+Terrestrial telescope@en, astronomy; optics, telescopes, , ,parchment ,cardboard, , , , , ,
urn:imss:instrument:405056,+Terrestrial telescope@en, astronomy; optics, telescopes, , ,wood ,leather ,cardboard, , , , ,
urn:imss:instrument:405033,+Terrestrial telescope@en, astronomy; optics, telescopes, , ,leather ,cardboard, , , , , ,
urn:imss:instrument:405035,+Terrestrial telescope@en, astronomy; optics, telescopes, , ,parchment ,cardboard, , , , , ,
urn:imss:instrument:405052,+Terrestrial telescope@en, astronomy; optics, telescopes, , ,wood ,leather, , , , , ,
urn:imss:instrument:405031,+Terrestrial telescope@en, astronomy; optics, telescopes, , ,cardboard ,paper, , , , , ,
urn:imss:instrument:405027,+Terrestrial telescope@en, astronomy; optics, telescopes, , ,cardboard ,paper, , , , , ,
urn:imss:instrument:405048,+Terrestrial telescope@en, astronomy; optics, telescopes, , ,mahogany ,brass, , , , , ,
urn:imss:instrument:405023,+Terrestrial telescope@en, astronomy;  optics, telescopes, , ,parchment ,leather ,cardboard, , , , ,
urn:imss:instrument:405039,+Terrestrial telescope@en, astronomy; optics, telescopes, , ,cardboard ,paper ,brass, , , , ,
urn:imss:instrument:405053,+Terrestrial telescope@en, astronomy; optics, telescopes, , ,cardboard ,leather, , , , , ,
urn:imss:instrument:405034,+Terrestrial telescope@en, astronomy; optics, telescopes, , ,parchment ,cardboard, , , , , ,
urn:imss:instrument:405037,+Terrestrial telescope@en, astronomy; optics, telescopes, , ,leather ,cardboard, , , , , ,
urn:imss:instrument:405051,+Terrestrial telescope@en, astronomy; optics, telescopes, , ,wood ,leather ,cardboard, , , , ,
urn:imss:instrument:405036,+Terrestrial telescope@en, astronomy; optics, telescopes, , ,cardboard ,paper, , , , , ,
urn:imss:instrument:405032,+Terrestrial telescope@en, astronomy; optics, telescopes, , ,leather ,cardboard ,paper, , , , ,
urn:imss:place:700731,+The Uffizi Loggia@en, art, loggias, , , , , , , , , ,
urn:imss:instrument:401074,+Theodolite@en, mathematics, surveying instruments, scientific instruments, theodolites ,brass, , , , , , ,
urn:imss:instrument:402028,+Theodolite@en, mathematics; geometry, surveying instruments, scientific instruments, theodolites,wood,brass, , , , , ,
urn:imss:instrument:401077,+Theodolite@en, mathematics; geometry, surveying instruments, scientific instruments, theodolites ,iron, , , , , , ,
urn:imss:instrument:402065,+Theodolite@en, mathematics; geometry, surveying instruments, scientific instruments, theodolites ,brass, , , , , , ,
urn:imss:instrument:402024,+Theodolite@en, mathematics; geometry, surveying instruments, scientific instruments, theodolites ,leather,brass, , , , , ,
urn:imss:instrument:402064,+Theodolite@en, mathematics; geometry, surveying instruments, scientific instruments, theodolites ,brass, , , , , , ,
urn:imss:instrument:402074,+Theodolite@en, mathematics;  geometry, surveying instruments, scientific instruments, theodolites ,brass, , , , , , ,
urn:imss:instrument:404007,+Thermoscope@en, meteorology, thermoscopes , , ,glass, , , , , , ,
urn:imss:instrument:416010,+Third-order lever@en, mechanics, scientific instruments, machines , ,wood ,brass ,lead, , , , ,
urn:imss:instrument:401107,+Three-legged compass@en, mathematics; geometry, drawing instruments , compasses , ,brass, , , , , , ,
urn:imss:instrument:414050,+Thunder fa??ade@en, electrical engineering, lightning rods , , ,glass ,mahogany ,brass, , , , ,
urn:imss:instrument:414052,+Thunder fa??ade@en, electrical engineering, lightning rods , , ,mahogany ,brass, , , , , ,
urn:imss:instrument:414051,+Thunder fa??ade@en, electrical engineering, lightning rods , , ,mahogany ,brass, , , , , ,
urn:imss:instrument:414049,+Thunder pyramid@en, electrical engineering, lightning rods , , ,mahogany ,brass, , , , , ,
urn:imss:instrument:403034,+Triangulation instrument@en, mathematics; geometry, scientific instruments , surveying instruments, ,brass, , , , , , ,
urn:imss:instrument:403008,+Triangulation instrument@en, mathematics;  geometry, surveying instruments , , ,wood ,leather ,brass, , , , ,
urn:imss:place:700170,+Tribuna di Galileo@en, history;  art; science, memorials, , , , , , , , , ,
urn:imss:instrument:402087,+Trigonometric machine@en, mathematics;  geometry, scientific instruments , , calculators ,silver ,brass, , , , , ,
urn:imss:instrument:402012,+Tripod base@en, , tripods , , ,wood, , , , , , ,
urn:imss:instrument:402019,+Tripod legs@en, tripods, , , ,wood ,brass, , , , , ,
urn:imss:instrument:402013,+Tripod legs@en, , tripods, , ,wood ,brass, , , , , ,
urn:imss:instrument:414117,+Trough battery@en, electrical engineering, batteries , , ,wood ,zinc ,copper ,mahogany, , , ,
urn:imss:instrument:405007,+Tube for composite eyepiece@en, optics, lenses, , ,cardboard ,paper, , , , , ,
urn:imss:instrument:405016,+Tube for eyepiece@en, optics, lenses, , ,wood ,cardboard ,paper, , , , ,
urn:imss:instrument:401030,+Vertical dial@en, astronomy, sundials , , ,brass, , , , , , ,
urn:imss:instrument:414070,+Volta hydrogen lamp with electrophorus@en, electrical engineering, electric discharge lamps , , ,wood ,glass ,brass, , , , ,
urn:imss:instrument:414069,+Volta hydrogen lamp@en, electrical engineering, electric discharge lamps , , ,glass ,brass, , , , , ,
urn:imss:instrument:414067,+Voltaic detonating-gas eudiometer@en, electrical engineering, meteorological instruments??, , ,glass ,brass, , , , , ,
urn:imss:instrument:414064,+Voltaic pistol@en, electrical engineering, scientific instruments , , ,glass ,mahogany ,brass, , , , ,
urn:imss:instrument:404015,+Water-raising machine@en, mechanics, scientific instruments , , ,wood ,iron, , , , , ,
urn:imss:instrument:414135,+Wheatstone rheostat@en, electrical engineering, rheostats, , ,mahogany ,brass, , , , , ,
urn:imss:instrument:414136,+Wheatstone's A.B.C. telegraph transmitter@en, electrical engineering, telegraphs, , ,iron ,mahogany ,brass, , , , ,
urn:imss:instrument:414034,+Wimshurst electrical machine@en, electrical engineering, scientific instruments , , ,aluminum ,glass ,nickel ,mahogany ,brass, , ,
urn:imss:instrument:402052,+Windrose@en, geography, meteorological instruments, navigational instruments , ,copper, , , , , , ,
urn:imss:instrument:414018,+Winter plate electrical machine@en, electrical engineering, scientific instruments , , ,gold ,wood ,glass ,iron ,tinfoil ,foil ,mahogany ,brass
